Imagem,VIN Real,VIN Detectado,Erros,Correto (0 erros),≤1 erro,≤2 erros,≤3 erros,≤4 erros,≤5 erros
VIN-2_D-6190-UCS-NO-RANGKA_1_jpg.rf.a55e98ee08262347661617e2a72d8c7e.jpg,MH1JFV113GK459054,MH1JFV113GK459054,0,True,True,True,True,True,True
VIN-2-5_D-6742-UCS-no-rangka_jpg.rf.10618dbb29b446bb3527c78589029f8c.jpg,MH1JFX113GK185933,MH1JFX113GK185933,0,True,True,True,True,True,True
VIN-2_chassis_number_photo-1667957742_jpg.rf.0e9337e98a039cd7715a224ef222f161.jpg,MHRGE87600J301843,MHRGE87600J301843,0,True,True,True,True,True,True
VIN-2_chassis_number_photo-1670389191_jpg.rf.64bd483756d661134735393b446286a6.jpg,MH1JBM115EK011899,MH1JBM115EK011899,0,True,True,True,True,True,True
VIN-2-5_D5844SX-NO-RANGKA_jpg.rf.82d476074a96c7abe003ebc89f142168.jpg,MH1JBC210BK622458,MH1JBC210BK622458,0,True,True,True,True,True,True
VIN-2_chassis_number_photo-1667785965_jpg.rf.0dccb7be28821ea2c1442234b1b2d16a.jpg,MHRRW1840MJ100705,MHRRW1840MJ100705,0,True,True,True,True,True,True
VIN-2_D6057UB_20NO_20RANGKA_jpg.rf.d4066c65e033581d59e1c003cebd0945.jpg,MH328D00B9J971807,MH328D00B9J971807,0,True,True,True,True,True,True
VIN-2_D5163UCM_20NO_20RANGKA_jpg.rf.0084e719cf4bc1e714b5949f2cfbd4c6.jpg,MH1JF9119AK115839,MH1JF9119AK115839,0,True,True,True,True,True,True
VIN-2_chassis_number_photo-1666062158_jpg.rf.7d764b01d03438c2fc5e8330243fa807.jpg,MH3UG0710HK201924,MH3UG0710HK201924,0,True,True,True,True,True,True
VIN-2_D-4486-UAG-nomor-rangka_jpg.rf.a30dc3cb18c59eaf93b67d6c46d8bd97.jpg,MH1JF0217BK156949,MH1JF0217BK156949,0,True,True,True,True,True,True
VIN-2-5_chassis_number_photo-1670550461_jpg.rf.86595a6706589ce294b522fc6a032707.jpg,MH3SE8860HJ161647,MH3SE8860HJ161647,0,True,True,True,True,True,True
VIN-2_D5820UCS-NO-RANGKA_1_jpg.rf.1e2c17b8d1a0313ab9e9a9838ccbde0c.jpg,MH1JFZ116GK256456,MH1JFZ116GK256456,0,True,True,True,True,True,True
VIN-2_chassis_number_photo-1668473873_jpg.rf.e8f96872082e2184be62c311c1c00028.jpg,MHKV5EA2JKK051399,MHKV5EA2JKK051399,0,True,True,True,True,True,True
VIN-2_D8461TN-20NO-20RANGKA_jpg.rf.d51975ab3eb9f3ee39a70cff1ff14121.jpg,MHKP30A1JGK124518,MHKP30A1JGK124518,0,True,True,True,True,True,True
VIN-2_chassis_number_photo-1668476131_jpg.rf.0d4368d53e0b2d8039f6562328d424e5.jpg,MHYESL415AJ174359,MHYESL415AJ174359,0,True,True,True,True,True,True
VIN-2_D-2218-SAZ-nomer-rangka_jpg.rf.995d96ff89dc87bdba44818eadcf158a.jpg,MH1KF1111GK612592,MH1KF1111GK612592,0,True,True,True,True,True,True
VIN-2_D5163UCS_20NO_20RANGKA_jpg.rf.ae76e48fe4ccad63377c0253d1f34ae8.jpg,MH1JFU118GK654321,MH1JFU118GK654321,0,True,True,True,True,True,True
VIN-2_chassis_number_photo-1670550736_jpg.rf.262f0ab8534bbc25770f0e5744457b1e.jpg,MH3SG4640HJ022649,MH3SG4640HJ022649,0,True,True,True,True,True,True
VIN-2-5_chassis_number_photo-1666330447_jpg.rf.650a99c7fffed8c12a4dc3b5d67a2333.jpg,MH1JBK319FK118277,MH1JBK319FK118277,0,True,True,True,True,True,True
VIN-2-5_D5926SAY-NO-RANGKA_jpg.rf.08e9addacbaa461cbe14ddd5230ddfff.jpg,MH3SE8890GJ042805,MH3SE8890GJ042805,0,True,True,True,True,True,True
VIN-2-5_chassis_number_photo-1663125160_jpg.rf.688ef5e13ca76fd37b8af91954016d1b.jpg,MH1JF8114CK597620,MH1JF8114CK597620,0,True,True,True,True,True,True
VIN-2_chassis_number_photo-1668560880_jpg.rf.ca93828410f7840b62cd030f18b41877.jpg,MH1JF513XCK810960,MH1JF513XCK810960,0,True,True,True,True,True,True
VIN-2_chassis_number_photo-1666230905_jpg.rf.8d6f43b6edc4aa80346f15960a8de2f9.jpg,MH1JM3115HK286231,MH1JM3115HK286231,0,True,True,True,True,True,True
VIN-2_chassis_number_photo-1669171299_jpg.rf.9d2c1243202d6a5604b80d9966797b46.jpg,MH1KF1122HK338622,MH1KF1122HK338622,0,True,True,True,True,True,True
VIN-2-5_D3866IM-NO-RANGKA_1_jpg.rf.f89cf82195b242bce4679de194c4a80c.jpg,MH328D40DBJ211777,MH328D40DBJ211777,0,True,True,True,True,True,True
VIN-2_chassis_number_photo-1669689620_jpg.rf.b86a8b2b3e7533d0c05c88579b31f918.jpg,MH1JFZ120JK750005,MH1JFZ120JK750005,0,True,True,True,True,True,True
VIN-2_D5113SBK-NO-RANGKA_jpg.rf.a4a7799a2282817145b83f263dbf10c9.jpg,MH1JM1125KK335316,MH1JM1125KK335316,0,True,True,True,True,True,True
VIN-2_chassis_number_photo-1669615457_jpg.rf.258e01d6470e69f09106953d14a5c54e.jpg,MHYESL415JJ600328,MHYESL415JJ600328,0,True,True,True,True,True,True
VIN-2_D-6827-UCS-no-rangka_jpg.rf.3ca08cb091aa6abbfcfa6eb498fc2d93.jpg,MH3SE9910GJ011403,MH3SE9910GJ011403,0,True,True,True,True,True,True
VIN-2_chassis_number_photo-1666230905_jpg.rf.52eae487e3391c8f87915a1a4bcfb82e.jpg,MH1JM3115HK286231,MH1JM3115HK286231,0,True,True,True,True,True,True
VIN-2_MH355S001BK064322_1_jpg.rf.4f965c2e034e147cd78f9f86fee7f762.jpg,MH355S001BK064322,MH355S001BK064322,0,True,True,True,True,True,True
VIN-2_D5468VDT-NO-RANGKA_jpg.rf.f13b246f60978020899ccf237992b1fd.jpg,MH3SG4610HJ065400,MH3SG4610HJ065400,0,True,True,True,True,True,True
VIN-2_D-5227-HU-no-rangka_jpg.rf.b9e7687cec5ca3f95c70e5e2619f8d0b.jpg,MH4KR150LAKP34622,MH4KR150LAKP34622,0,True,True,True,True,True,True
VIN-2_chassis_number_photo-1670978119_jpg.rf.5285f84fe8782a60f90aa61ed6974205.jpg,MH1JM8110MK354216,MH1JM8110MK354216,0,True,True,True,True,True,True
VIN-2_D-4471-AAO-nomor-rangka_jpg.rf.6c687f75b8f145f95c86cf7c10957a1c.jpg,MH3SG3120GK209129,MH3SG3120GK209129,0,True,True,True,True,True,True
VIN-2_chassis_number_photo-1669698751_jpg.rf.ee04be7020db8720e680ca121aa22701.jpg,MH3SG3120GK099777,MH3SG3120GK099777,0,True,True,True,True,True,True
VIN-2_D5191SAU-NO-RANGKA_jpg.rf.8b1fd0500c1440b4d1339694cd288673.jpg,MH1JFR110FK198701,MH1JFR110FK198701,0,True,True,True,True,True,True
VIN-2_D1862SAC_20NO_20RANGKA_jpg.rf.0f7c30ed0a7f53f45a8ee83420e849fb.jpg,MHYHMP31SGJ209939,MHYHMP31SGJ209939,0,True,True,True,True,True,True
VIN-2-5_D6131SAY-NO-RANGKA_jpg.rf.6984ab78e641235c55acba622557e8b0.jpg,MH1JFU112GK473165,MH1JFU112GK473165,0,True,True,True,True,True,True
VIN-2-5_D5163UCS_20NO_20RANGKA_jpg.rf.fac0cc9dc6775c04409ed39a4d1aec5a.jpg,MH1JFU118GK654321,MH1JFU118GK654321,0,True,True,True,True,True,True
VIN-2_D-5465-XT-no-rangka_jpg.rf.4e4540adafe185388797e1779c1a162a.jpg,MH1JBC12XAK163514,MH1JBC12XAK163514,0,True,True,True,True,True,True
VIN-2_D-5465-XT-no-rangka_jpg.rf.c75aceb0b4c2da537fc89ca61df66ff8.jpg,MH1JBC12XAK163514,MH1JBC12XAK163514,0,True,True,True,True,True,True
VIN-2-5_chassis_number_photo-1670552602_jpg.rf.751851776192159b90e72ce81c6463f4.jpg,MH3UG0710HK212365,MH3UG0710HK212365,0,True,True,True,True,True,True
VIN-2_D5143SAY_20NO_20RANGKA_jpg.rf.91903b882fb30debf1c7a82a436dc23c.jpg,MH1JFZ113GK224662,MH1JFZ113GK224662,0,True,True,True,True,True,True
VIN-2_D3638SAZ_20NO_20RANGKA_jpg.rf.28f17cecda19a9528524c98a0515b055.jpg,MH1KF1113GK905314,MH1KF1113GK905314,0,True,True,True,True,True,True
VIN-2_D5102UCS_20NO_20RANGKA_jpg.rf.ec1803249a11487f11190f1daa433f27.jpg,MH1JM2119GK084257,MH1JM2119GK084257,0,True,True,True,True,True,True
VIN-2-5_chassis_number_photo-1668132729_jpg.rf.d0e075070fc5a2aa2e08dd957f0a294b.jpg,MH3SE8890HJ220580,MH3SE8890HJ220580,0,True,True,True,True,True,True
VIN-2-5_chassis_number_photo-1667960825_jpg.rf.a3b3d60763b0529052bfe1e073ecdcde.jpg,MH3SE8810FJ534649,MH3SE8810FJ534649,0,True,True,True,True,True,True
VIN-2_D-5059-UCS-No-Rangka-_jpg.rf.a284b5d1fc9ca8cc853eb8b04d742d88.jpg,MH1JBK116GK359623,MH1JBK116GK359623,0,True,True,True,True,True,True
VIN-2-5_chassis_number_photo-1670978119_jpg.rf.4e85eaa0eef5ceca214fe6f441dc8f71.jpg,MH1JM8110MK354216,MH1JM8110MK354216,0,True,True,True,True,True,True
VIN-2-5_chassis_number_photo-1668570018_jpg.rf.9a716ad86e40403532e99dd5666fdf7d.jpg,MHKS6GJ6JLJ089936,MHKS6GJ6JLJ089936,0,True,True,True,True,True,True
VIN-2_chassis_number_photo-1669183587_jpg.rf.0409ad435e326de52fcece148c2c6dcb.jpg,MHFM1BA3J8K101848,MHFM1BA3J8K101848,0,True,True,True,True,True,True
VIN-2_D5144UAD_20NO_20RANGKA_jpg.rf.37c3ee11552b4ad02c580bc31cfaf6c1.jpg,MH35D9204BJ325012,MH35D9204BJ325012,0,True,True,True,True,True,True
VIN-2_D5299SL_20NO_20RANGKA_jpg.rf.17f0297dde4197ceb6b7068a3c0dd5cb.jpg,MH1JF5124BK313585,MH1JF5124BK313585,0,True,True,True,True,True,True
VIN-2_chassis_number_photo-1666062571_jpg.rf.215f6438166c95b3e5481f84f9a0891d.jpg,MH1KF1119FK073928,MH1KF1119FK073928,0,True,True,True,True,True,True
VIN-2-5_20211118_2036051_png_jpg.rf.856195913ba81a8b64f7bf6f3b3dcb78.jpg,MH1JFK111EK174946,MH1JFK111EK174946,0,True,True,True,True,True,True
VIN-2_WIN_20211030_08_36_49_Pro_jpg.rf.1e263ffbb882f4d87e837421658d77ff.jpg,MHKE8FA3JMK059406,MHKE8FA3JMK059406,0,True,True,True,True,True,True
VIN-2-5_chassis_number_photo-1665986222_jpg.rf.dc2d4558357c86a51927883c86bf83b7.jpg,MH1JFM218EK980880,MH1JFM218EK980880,0,True,True,True,True,True,True
VIN-2_chassis_number_photo-1666330447_jpg.rf.4d9e65e77e7f1871e725e4bb18bec8f3.jpg,MH1JBK319FK118277,MH1JBK319FK118277,0,True,True,True,True,True,True
VIN-2_chassis_number_photo-1670463517_jpg.rf.79656fae23d5af69591f55c0ade24675.jpg,MH1JF5138CK063780,MH1JF5138CK063780,0,True,True,True,True,True,True
VIN-2_D5546AAN-NO-RANGKA_1_jpg.rf.d1f5a11227955152fefe72c6aa2d9a67.jpg,MH3SG3120GK209213,MH3SG3120GK209213,0,True,True,True,True,True,True
VIN-2_D3638SAZ_20NO_20RANGKA_jpg.rf.b8834815e43c4380a833bf00d44c56dc.jpg,MH1KF1113GK905314,MH1KF1113GK905314,0,True,True,True,True,True,True
VIN-2_D-201268-20UKI-20-No-Rangka-_jpg.rf.1c8ecd0b6784a13edb4b8577ec8c2d6e.jpg,MHKG2CJ2JGK112870,MHKG2CJ2JGK112870,0,True,True,True,True,True,True
VIN-2-5_D5987SAY-NO-RANGKA_jpg.rf.c649aad193aa8c8de0336f9e1e88f22a.jpg,MH1JFV112GK475181,MH1JFV112GK475181,0,True,True,True,True,True,True
VIN-2-5_D2119SAZ-NO-RANGKA_jpg.rf.ecbaa6c1ad548d92130ba289000d0957.jpg,MH1KF1118GK886811,MH1KF1118GK886811,0,True,True,True,True,True,True
VIN-2_chassis_number_photo-1668652312_jpg.rf.166a1cea15ff4ad2ab5fe6e3e970db75.jpg,MH3SG3120FK032741,MH3SG3120FK032741,0,True,True,True,True,True,True
VIN-2-5_D3576SAA_20NO_20RANGKA_jpg.rf.8d3a763169793d3a7d4c971474c0fa56.jpg,MH328D30CBJ760122,MH328D30CBJ760122,0,True,True,True,True,True,True
VIN-2_chassis_number_photo-1668476131_jpg.rf.a130f4efb6246154d353522cf329a40c.jpg,MHYESL415AJ174359,MHYESL415AJ174359,0,True,True,True,True,True,True
VIN-2-5_D-6027-UCS-No-Rangka-_jpg.rf.cfae68eb2fe5ee531e1346ff505f2ebc.jpg,MH1JFU116GK684000,MH1JFU116GK684000,0,True,True,True,True,True,True
VIN-2_D5844SX-NO-RANGKA_jpg.rf.f13cdf5b3a3877fb8c7f0fabafced11d.jpg,MH1JBC210BK622458,MH1JBC210BK622458,0,True,True,True,True,True,True
VIN-2-5_D-5465-UCS-No-Rangka-_jpg.rf.d46154b7280eef391c1f9fa760d01837.jpg,MH3SG3120GK219465,MH3SG3120GK219465,0,True,True,True,True,True,True
VIN-2-5_D5365SAY_20NO_20RANGKA_jpg.rf.78002b19993808f6efca78ca781bceef.jpg,MH3SE8890GJ126412,MH3SE8890GJ126412,0,True,True,True,True,True,True
VIN-2_chassis_number_photo-1670976129_jpg.rf.8904be2c3a56d11eafc36ae2a58b179f.jpg,MHYKZE81SCJ131491,MHYKZE81SCJ131491,0,True,True,True,True,True,True
VIN-2_D2060SAA_20NO_20RANGKA_jpg.rf.8c9587619f75943e7a72bd73de99bc40.jpg,MH1JF6114BK290290,MH1JF6114BK290290,0,True,True,True,True,True,True
VIN-2_D5191SAU-NO-RANGKA_jpg.rf.147aaa4b585faf2f66aa65d34a04da3c.jpg,MH1JFR110FK198701,MH1JFR110FK198701,0,True,True,True,True,True,True
VIN-2-5_D2060SAA_20NO_20RANGKA_jpg.rf.cf36dcfde60612150b5ead9646602414.jpg,MH1JF6114BK290290,MH1JF6114BK290290,0,True,True,True,True,True,True
VIN-2_D1103SAD-20NO-20RANGKA_jpg.rf.c0f5d0fac8cb91cff78119ddab31f8a4.jpg,MHYHMP31SGJ212611,MHYHMP31SGJ212611,0,True,True,True,True,True,True
VIN-2_D5401SAY_20NO_20RANGKA_jpg.rf.ef66bb9f7400cc71692f6760dc1a270a.jpg,MH1JFS114GK363660,MH1JFS114GK363660,0,True,True,True,True,True,True
VIN-2_chassis_number_photo-1668647399_jpg.rf.c4cb50679ff0503247a2a18e0079fa67.jpg,MHMFE75PFJK010049,MHMFE75PFJK010049,0,True,True,True,True,True,True
VIN-2_chassis_number_photo-1666317157_jpg.rf.7cf312f7b4ff833ce511558ad05600ce.jpg,MH1JM1117JK909553,MH1JM1117JK909553,0,True,True,True,True,True,True
VIN-2-5_D5468VDT-NO-RANGKA_jpg.rf.7239c30e159468298ad59e2b1181731e.jpg,MH3SG4610HJ065400,MH3SG4610HJ065400,0,True,True,True,True,True,True
VIN-2_D1808SV-20NO-20RANGKA_jpg.rf.429e3f72c9c950fc1ce3558d12115bc4.jpg,MHYHYA11SBJ119721,MHYHYA11SBJ119721,0,True,True,True,True,True,True
VIN-2_D4386SAA-NO-RANGKA_jpg.rf.b801b632307bf797e299ce9d34c60ef3.jpg,MH1JF5125BK500933,MH1JF5125BK500933,0,True,True,True,True,True,True
VIN-2_D5163UCS_20NO_20RANGKA_jpg.rf.619477b6cb7b2f06e36f2cd79ed87dee.jpg,MH1JFU118GK654321,MH1JFU118GK654321,0,True,True,True,True,True,True
VIN-2-5_D-6591-UCS-no-rangka_jpg.rf.2fc8e272110ddb6c4143b484ced4ed17.jpg,MH1JM2116GK098942,MH1JM2116GK098942,0,True,True,True,True,True,True
VIN-2-5_D-3212-UAG-No-Rangka-_jpg.rf.24d6d30a5d79d98ac6ec861551605241.jpg,MH1JF5129BK432538,MH1JF5129BK432538,0,True,True,True,True,True,True
VIN-2_D3263AA0_20NO_20RANGKA_jpg.rf.b4ee8771cece0455c1eb3d484185cbc1.jpg,MH1JFY114GK065080,MH1JFY114GK065080,0,True,True,True,True,True,True
VIN-2_D5102UCS_20NO_20RANGKA_jpg.rf.855a1e7ef8a65a4bcb1812457b14ecbf.jpg,MH1JM2119GK084257,MH1JM2119GK084257,0,True,True,True,True,True,True
VIN-2_D3263AA0_20NO_20RANGKA_jpg.rf.c1ef8e3b65c769d6eeeaa128ac59a672.jpg,MH1JFY114GK065080,MH1JFY114GK065080,0,True,True,True,True,True,True
VIN-2-5_chassis_number_photo-1668560880_jpg.rf.126f2b4626774c9f2fb4c5e652ecefdc.jpg,MH1JF513XCK810960,MH1JF513XCK810960,0,True,True,True,True,True,True
VIN-2-5_chassis_number_photo-1667963046_jpg.rf.205bc8910b7f076e2fe638071fe1ed3b.jpg,MH31YD006FJ143575,MH31YD006FJ143575,0,True,True,True,True,True,True
VIN-2_chassis_number_photo-1669000713_jpg.rf.8c39b9c4f912af9416ff11eda21a9015.jpg,MH1KC311XCK251300,MH1KC311XCK251300,0,True,True,True,True,True,True
VIN-2_D2060SAA_20NO_20RANGKA_jpg.rf.4ab892314ea547b1b75d61067eed0ebe.jpg,MH1JF6114BK290290,MH1JF6114BK290290,0,True,True,True,True,True,True
VIN-2-5_chassis_number_photo-1669170797_jpg.rf.9641f90f44c6bed0d659371e2bfb210f.jpg,MH34070027J62382S,MH34070027J62382S,0,True,True,True,True,True,True
VIN-2_D-6951-UCS-No-Rangka-_jpg.rf.0956f5e75a08a457a12c3f46b58bb374.jpg,MH1JM2119GK089927,MH1JM2119GK089927,0,True,True,True,True,True,True
VIN-2_D-201105-20XGX-20-No-Rangka-_jpg.rf.9b21efea1da32c6dc8b32d92606a5417.jpg,MHDESJ410VJ088556,MHDESJ410VJ088556,0,True,True,True,True,True,True
VIN-2_D-2579-UDG-No-Rangka-_jpg.rf.952cb5319453907f0166d42aa12f9e4b.jpg,MH1JM3117HK369529,MH1JM3117HK369529,0,True,True,True,True,True,True
VIN-2_chassis_number_photo-1668567740_jpg.rf.140bd89c90ad6028a19bb5eef93b3a21.jpg,MH1JBK116MK777188,MH1JBK116MK777188,0,True,True,True,True,True,True
VIN-2_D-6827-UCS-no-rangka_jpg.rf.7ac577d8404378d70e333ec5eb9be5d4.jpg,MH3SE9910GJ011403,MH3SE9910GJ011403,0,True,True,True,True,True,True
VIN-2-5_D5462SAY_20NO_20RANGKA_jpg.rf.3d4b9eb84ecc50ab5cba53c7e4e1e200.jpg,MH1JBM212GK018696,MH1JBM212GK018696,0,True,True,True,True,True,True
VIN-2_D5077SAX_20NO_20RANGKA_jpg.rf.2e272ef8ca33dd276ed38142ede3b80e.jpg,MH1JFP125GK557782,MH1JFP125GK557782,0,True,True,True,True,True,True
VIN-2-5_20211118_2037015_png_jpg.rf.47f23002a8acec6e5a5ad010eb49ebb5.jpg,MH1JFK111EK174946,MH1JFK111EK174946,0,True,True,True,True,True,True
VIN-2_N1688CN-20NO-20RANGKA_jpg.rf.941c532bab66a4aa4fd470082a1057fa.jpg,MHHPG5709CK927337,MHHPG5709CK927337,0,True,True,True,True,True,True
VIN-2_D-20555-20XS-20-No-Rangka-_jpg.rf.a86bbaffec1f7d87c72de5d8239c0f79.jpg,MHF11KF8000056591,MHF11KF8000056591,0,True,True,True,True,True,True
VIN-2_D-2950-XV-No-Rangka-_jpg.rf.6770fa39c2deabfdb1dff31c6fcacef5.jpg,MH328D00A9J538124,MH328D00A9J538124,0,True,True,True,True,True,True
VIN-2-5_D-4142-UEA-nomor-rangka_jpg.rf.7df8cd9d91264ca803bea5fa8a86cdfc.jpg,MH1JFZ138KK532923,MH1JFZ138KK532923,0,True,True,True,True,True,True
VIN-2_chassis_number_photo-1668652312_jpg.rf.71b2520dca269e87c8783a8bdf653465.jpg,MH3SG3120FK032741,MH3SG3120FK032741,0,True,True,True,True,True,True
VIN-2_chassis_number_photo-1668647399_jpg.rf.7002259ff3ce21efec54ceca154e69f3.jpg,MHMFE75PFJK010049,MHMFE75PFJK010049,0,True,True,True,True,True,True
VIN-2_chassis_number_photo-1670550461_jpg.rf.4154e773a1e5b3bd653fee3d65fbce9e.jpg,MH3SE8860HJ161647,MH3SE8860HJ161647,0,True,True,True,True,True,True
VIN-2_WIN_20211030_08_36_48_Pro_jpg.rf.194715917b9b3796f0efe1e352beedef.jpg,MHKE8FA3JMK059406,MHKE8FA3JMK059406,0,True,True,True,True,True,True
VIN-2-5_chassis_number_photo-1667437143_jpg.rf.6cf9ffa0f250cd562629dec113ce11ee.jpg,MH1JF5130CK645145,MH1JF5130CK645145,0,True,True,True,True,True,True
VIN-2_D-4160-UAG-nomor-rangka_jpg.rf.0c0a0fecfd6152b3968a99307fe12f56.jpg,MH1JF0213BK153739,MH1JF0213BK153739,0,True,True,True,True,True,True
VIN-2_D-5196-UAG-no-rangka_jpg.rf.da7d547916f7587059e7a91058b4eb9d.jpg,MH1JF5122BK505622,MH1JF5122BK505622,0,True,True,True,True,True,True
VIN-2_D-5638-UBR-nomor-rangka_jpg.rf.f838580030fb3caed7e1829faae70b71.jpg,MH1JFJ111EK209446,MH1JFJ111EK209446,0,True,True,True,True,True,True
VIN-2_D-6215-UCS-nomor-rangka_jpg.rf.c31c9660318264df3e9e4d7d1ebf56e2.jpg,MH1JFZ115GK126863,MH1JFZ115GK126863,0,True,True,True,True,True,True
VIN-2_chassis_number_photo-1668042107_jpg.rf.808b7a10c47a87066287f62672c3d09e.jpg,MHKV30A3JAK007256,MHKV30A3JAK007256,0,True,True,True,True,True,True
VIN-2_chassis_number_photo-1670547854_jpg.rf.b7fca22cf4399967f6acdec3ff17f73d.jpg,MH3509205CJ754063,MH3509205CJ754063,0,True,True,True,True,True,True
VIN-2_D-4512-UAG-no-rangka_jpg.rf.e52520bd5ed2b7591992693f77a38e5e.jpg,MH328D40DBJ422776,MH328D40DBJ422776,0,True,True,True,True,True,True
VIN-2_D-201105-20XGX-20-No-Rangka-_jpg.rf.87a4db8dfd845baf186fbd293e8e89e1.jpg,MHDESJ410VJ088556,MHDESJ410VJ088556,0,True,True,True,True,True,True
VIN-2-5_D-2671-UCI-no-rangka_jpg.rf.6ee577d394ec7afc13c252ecb0061eeb.jpg,MH1JFP120FK095016,MH1JFP120FK095016,0,True,True,True,True,True,True
VIN-2_D6143SAY-NO-RANGKA_jpg.rf.c07f7313cc0cbd0ae3151f7e7ba6fe41.jpg,MH3SG3120GK223524,MH3SG3120GK223524,0,True,True,True,True,True,True
VIN-2_chassis_number_photo-1671416513_jpg.rf.23f25c2559f1b1f16b302063e6bf83b8.jpg,MHFFMREK35K010221,MHFFMREK35K010221,0,True,True,True,True,True,True
VIN-2_chassis_number_photo-1667787698_jpg.rf.7b445d8a463e271d0474ecaea9620087.jpg,MH1JFZ216HK172184,MH1JFZ216HK172184,0,True,True,True,True,True,True
VIN-2_D5401SAY_20NO_20RANGKA_jpg.rf.7fe6a9ae312fe974f80ebcc2b16de642.jpg,MH1JFS114GK363660,MH1JFS114GK363660,0,True,True,True,True,True,True
VIN-2_chassis_number_photo-1669168476_jpg.rf.3f0f422c0e254d448d22bd888f8e1260.jpg,MH31S70027K212082,MH31S70027K212082,0,True,True,True,True,True,True
VIN-2_D6213SAY-NO-RANGKA_jpg.rf.1e00d07f609fecfcd82c4d788bddca06.jpg,MH1JFZ11XGK220334,MH1JFZ11XGK220334,0,True,True,True,True,True,True
VIN-2-5_chassis_number_photo-1667787698_jpg.rf.abda154d9e7f3094ef25fe742410450b.jpg,MH1JFZ216HK172184,MH1JFZ216HK172184,0,True,True,True,True,True,True
VIN-2_D5636SAY_20NO_20RANGKA_jpg.rf.c1c34267b7e3a6815df3e96e2bb65ae7.jpg,MH1KF1115GK817686,MH1KF1115GK817686,0,True,True,True,True,True,True
VIN-2-5_chassis_number_photo-1665973672_jpg.rf.783342f43380a3cfc275a3c1245a7259.jpg,MH1JFP129GK386423,MH1JFP129GK386423,0,True,True,True,True,True,True
VIN-2_D5830SAY-NO-RANGKA_jpg.rf.964da5eea4182701a00a7840073192b2.jpg,MH1JM2115GK083042,MH1JM2115GK083042,0,True,True,True,True,True,True
VIN-2_D5686SAY_20NO_20RANGKA_jpg.rf.ef434bfbc7b4f949e65b84aeb2dc288c.jpg,MH1JFV118GK480837,MH1JFV118GK480837,0,True,True,True,True,True,True
VIN-2_chassis_number_photo-1666062571_jpg.rf.447ba1ffe5b0ac128b4f55688c0959a3.jpg,MH1KF1119FK073928,MH1KF1119FK073928,0,True,True,True,True,True,True
VIN-2_chassis_number_photo-1667441417_jpg.rf.71ca25e64c404b735e96c29ad1e935c6.jpg,MH32BJ003EJ499873,MH32BJ003EJ499873,0,True,True,True,True,True,True
VIN-2-5_D8468TN_20NO_20RANGKA_jpg.rf.5de833d21d4f6ecf47007008719e059d.jpg,MHKP3BA1JGK121325,MHKP3BA1JGK121325,0,True,True,True,True,True,True
VIN-2_D-6340-UCS-No-Rangka-_jpg.rf.c1f8f5ccfc7c503ce59a30011f6848d2.jpg,MH32BU005GJ303500,MH32BU005GJ303500,0,True,True,True,True,True,True
VIN-2_D-2411-UCT-no-rangka_jpg.rf.34e0497a43af9a913b2b083839f20286.jpg,MH1JM2112GK093883,MH1JM2112GK093883,0,True,True,True,True,True,True
VIN-2_WIN_20211030_08_36_52_Pro_jpg.rf.5547612a723dc96b5514faab238465a1.jpg,MHKE8FA3JMK059406,MHKE8FA3JMK059406,0,True,True,True,True,True,True
VIN-2-5_chassis_number_photo-1671505351_jpg.rf.860bc70da209fb877a90ac6b1bf44733.jpg,MH3RG4810HK013125,MH3RG4810HK013125,0,True,True,True,True,True,True
VIN-2_D-3912-UAG-no-rangka_jpg.rf.2d3912c3204d070e1d7d199c673fb1c9.jpg,MH1JF5127BK454683,MH1JF5127BK454683,0,True,True,True,True,True,True
VIN-2_D5799SAY_20NO_20RANGKA_jpg.rf.c392d82a7b64ad79dcb0f1b4e1d6dd48.jpg,MH1JFU110GK683036,MH1JFU110GK683036,0,True,True,True,True,True,True
VIN-2-5_D1196KD-20NO-20RANGKA_jpg.rf.cf75f3d579567b51f9410607c3c805a9.jpg,MJJBA55638K001433,MJJBA55638K001433,0,True,True,True,True,True,True
VIN-2_D1151SW-20NOKA_jpg.rf.3c49b625055fa78dc7b9a60064e81157.jpg,MHKV1AA2JBK105570,MHKV1AA2JBK105570,0,True,True,True,True,True,True
VIN-2_chassis_number_photo-1668991818_jpg.rf.40977426d63ff9dc8ed5c39c69acc10d.jpg,MH3SE9010HJ320482,MH3SE9010HJ320482,0,True,True,True,True,True,True
VIN-2-5_chassis_number_photo-1664852879_jpg.rf.f3b88a6a5b582b3e4373641765db512e.jpg,MH3SG5670MJ060504,MH3SG5670MJ060504,0,True,True,True,True,True,True
VIN-2_D1103SAD-20NO-20RANGKA_jpg.rf.877e8a198cbc406c116713f3e10afd3a.jpg,MHYHMP31SGJ212611,MHYHMP31SGJ212611,0,True,True,True,True,True,True
VIN-2-5_D-5458-UAW-no-rangka_jpg.rf.4b8cc21d952e45dafff085ee259efb54.jpg,MH35TL0014K012148,MH35TL0014K012148,0,True,True,True,True,True,True
VIN-2_chassis_number_photo-1671154103_jpg.rf.8d98e6343d59e1e7ab87da31cfc5ad1d.jpg,MH1JFZ123HK185100,MH1JFZ123HK185100,0,True,True,True,True,True,True
VIN-2-5_chassis_number_photo-1669171688_jpg.rf.c455a2ce5ec5ab11ce9a105c6b7f2fa7.jpg,MH1JM3111HK351088,MH1JM3111HK351088,0,True,True,True,True,True,True
VIN-2_chassis_number_photo-1669698751_jpg.rf.540dd9eb30a42d73dfdf2b2991de4d6c.jpg,MH3SG3120GK099777,MH3SG3120GK099777,0,True,True,True,True,True,True
VIN-2_D-5688-UAG-no-rangka_jpg.rf.869fa10d864491ddd2e8d6f1cb60016d.jpg,MH1JBE118BK256245,MH1JBE118BK256245,0,True,True,True,True,True,True
VIN-2-5_20211118_2037004_png_jpg.rf.69acd9b245dbe92579268f4f0de55154.jpg,MH1JFK111EK174946,MH1JFK111EK174946,0,True,True,True,True,True,True
VIN-2_chassis_number_photo-1669183587_jpg.rf.a9bd3f0ca46f409308a07a04ab1a91d9.jpg,MHFM1BA3J8K101848,MHFM1BA3J8K101848,0,True,True,True,True,True,True
VIN-2-5_D-6263-UCS-No-Rangka-_jpg.rf.44240a897ce6f3816673a2e2f1711112.jpg,MH3SG3120GK224976,MH3SG3120GK224976,0,True,True,True,True,True,True
VIN-2_chassis_number_photo-1670993628_jpg.rf.acdcf39d0e3263a980bef2486b05c675.jpg,MH1JF5131CK857763,MH1JF5131CK857763,0,True,True,True,True,True,True
VIN-2_D5133UCS_20NO_20RANGKA_jpg.rf.72b7931214cb31b605102bd11f931473.jpg,MH1JFZ11XGK221953,MH1JFZ11XGK221953,0,True,True,True,True,True,True
VIN-2_D5363TB_20NO_20RANGKA_jpg.rf.eae2d3c7a584faa074f8e50729d7b15d.jpg,MH1JBC120BK289494,MH1JBC120BK289494,0,True,True,True,True,True,True
VIN-2_chassis_number_photo-1668994271_jpg.rf.20d8fb549943f4adb16c402aaea3a9dc.jpg,MH3SE88B0HJ007786,MH3SE88B0HJ007786,0,True,True,True,True,True,True
VIN-2_chassis_number_photo-1671065393_jpg.rf.c45606a7e98372ea0a77f1f7e859f3fe.jpg,MHYGDN42VEJ405953,MHYGDN42VEJ405953,0,True,True,True,True,True,True
VIN-2-5_D-6951-UCS-No-Rangka-_jpg.rf.8f5223a36fb0a148127e26b8a590eb41.jpg,MH1JM2119GK089927,MH1JM2119GK089927,0,True,True,True,True,True,True
VIN-2-5_8_jpeg.rf.b9d1dd478f82bb91c5a260ebf7f3bb3e.jpg,MH1KF4110LK995517,MH1KF4110LK995517,0,True,True,True,True,True,True
VIN-2_D2119SAZ-NO-RANGKA_jpg.rf.3dc49ef256c241836646da6e15a1120b.jpg,MH1KF1118GK886811,MH1KF1118GK886811,0,True,True,True,True,True,True
VIN-2_D5365SAW-NO-RANGKA_jpg.rf.7e51f8936e5aabc5290f7b872392262a.jpg,MH1JFP122GK405832,MH1JFP122GK405832,0,True,True,True,True,True,True
VIN-2_D1660SAC_20NO_20RANGKA_jpg.rf.b5605b89593baad76d269467ce9c0c03.jpg,MHKA6GK6JGJ003732,MHKA6GK6JGJ003732,0,True,True,True,True,True,True
VIN-2_D-4981-XA-NO-RANGKA_1_jpg.rf.2813c4a31d11dff116e8231541b26271.jpg,MH35TL0046K396432,MH35TL0046K396432,0,True,True,True,True,True,True
VIN-2_chassis_number_photo-1666062571_jpg.rf.8dd254d132350b3fa6216c6624d8f5e9.jpg,MH1KF1119FK073928,MH1KF1119FK073928,0,True,True,True,True,True,True
VIN-2_D1862SAC_20NO_20RANGKA_jpg.rf.c2c334e9ecc6e0ea68d26e3db8f277db.jpg,MHYHMP31SGJ209939,MHYHMP31SGJ209939,0,True,True,True,True,True,True
VIN-2-5_D5830SAY-NO-RANGKA_jpg.rf.212efb3e607c2afde9cf6245fad5bafc.jpg,MH1JM2115GK083042,MH1JM2115GK083042,0,True,True,True,True,True,True
VIN-2_chassis_number_photo-1669084075_jpg.rf.3e72ae3a396a78c67571d992dca08241.jpg,MH3SE8850HJG24442,MH3SE8850HJG24442,0,True,True,True,True,True,True
VIN-2_D5820UCS-NO-RANGKA_1_jpg.rf.79aa7dc22432a3404834352884aba351.jpg,MH1JFZ116GK256456,MH1JFZ116GK256456,0,True,True,True,True,True,True
VIN-2_D2159ZCJ_20NO_20RANGKA_jpg.rf.36bd06cc82b7ed4a57798ade0d69acb3.jpg,MH1JFU116GK615730,MH1JFU116GK615730,0,True,True,True,True,True,True
VIN-2-5_D-5226-UAG-no-rangka_jpg.rf.fa6b9687594df520888b4231dda81770.jpg,MH1JF5121BK495620,MH1JF5121BK495620,0,True,True,True,True,True,True
VIN-2_chassis_number_photo-1668477230_jpg.rf.ad128ac778c3512f597f933b9e7e41d7.jpg,MH1JFS11XGK372041,MH1JFS11XGK372041,0,True,True,True,True,True,True
VIN-2_chassis_number_photo-1670993628_jpg.rf.615051c8cabebea2991aa52587c3c204.jpg,MH1JF5131CK857763,MH1JF5131CK857763,0,True,True,True,True,True,True
VIN-2-5_chassis_number_photo-1668048952_jpg.rf.11366baf9cd7d431c3eab2fa98af13eb.jpg,MHKM7CA4JEK065260,MHKM7CA4JEK065260,0,True,True,True,True,True,True
VIN-2-5_D-4990-UAG-No-Rangka-_jpg.rf.68430865cc622d2206897d2ca8549f15.jpg,MH1JF5123BK470444,MH1JF5123BK470444,0,True,True,True,True,True,True
VIN-2_chassis_number_photo-1668392760_jpg.rf.19db8701156de7cad347089792ee4df0.jpg,MH1JFZ113HK592924,MH1JFZ113HK592924,0,True,True,True,True,True,True
VIN-2-5_D-4981-XA-NO-RANGKA_1_jpg.rf.e37fbec9ccbe07cfa04eb94b179fb493.jpg,MH35TL0046K396432,MH35TL0046K396432,0,True,True,True,True,True,True
VIN-2_D-6096-UBO-no-rangka_jpg.rf.a9fc4a5629287152a16c5c73152663e3.jpg,MH8BG41EAEJ305563,MH8BG41EAEJ305563,0,True,True,True,True,True,True
VIN-2-5_3_jpg.rf.661195d0b4b9c0c9b38906a19906004d.jpg,MH3SEG720PJ072762,MH3SEG720PJ072762,0,True,True,True,True,True,True
VIN-2-5_D1720TS-20NO-20RANGKA_jpg.rf.6ec815a05cf233becb74376c485b27fe.jpg,MHKTRRVHDYK002038,MHKTRRVHDYK002038,0,True,True,True,True,True,True
VIN-2_D1196KD-20NO-20RANGKA_jpg.rf.a935f6a42a304d6010e3d447501f9366.jpg,MJJBA55638K001433,MJJBA55638K001433,0,True,True,True,True,True,True
VIN-2_chassis_number_photo-1668404158_jpg.rf.09f55ecbd62b8b5124103f2b39a72bdf.jpg,MH3SE8850HJ021970,MH3SE8850HJ021970,0,True,True,True,True,True,True
VIN-2-5_BN1711PD-20NO-20RANGKA_jpg.rf.0fdeb7c46597e16a819546b5d17b0888.jpg,MHKA6GJ6JGJ004021,MHKA6GJ6JGJ004021,0,True,True,True,True,True,True
VIN-2-5_D-2950-XV-No-Rangka-_jpg.rf.05f1f81f6ec3a22139edd635764575eb.jpg,MH328D00A9J538124,MH328D00A9J538124,0,True,True,True,True,True,True
VIN-2_D5492UCS_20NO_20RANGKA_jpg.rf.4c18142f724e51c4351887179ff082e2.jpg,MH1JFZ110GK244724,MH1JFZ110GK244724,0,True,True,True,True,True,True
VIN-2_D5263UCS_20NO_20RANGKA_jpg.rf.7ddc00ed4469f543e15d4c1a9b139152.jpg,MH3SG3120GK204706,MH3SG3120GK204706,0,True,True,True,True,True,True
VIN-2_D5363TB_20NO_20RANGKA_jpg.rf.ffed4b22cf1c8f3132b490fc44a9dd98.jpg,MH1JBC120BK289494,MH1JBC120BK289494,0,True,True,True,True,True,True
VIN-2_D-201105-20XGX-20-No-Rangka-_jpg.rf.8143b7e6c057012742b1be1f85d4d414.jpg,MHDESJ410VJ088556,MHDESJ410VJ088556,0,True,True,True,True,True,True
VIN-2-5_IMG_20211118_140754_jpg.rf.94f44b8024e53ef3e315d0836d599ecf.jpg,MH1JFK111EK174946,MH1JFK111EK174946,0,True,True,True,True,True,True
VIN-2_D5365SAY_20NO_20RANGKA_jpg.rf.a6922276003cefd4ca6af7b5ffdb9b53.jpg,MH3SE8890GJ126412,MH3SE8890GJ126412,0,True,True,True,True,True,True
VIN-2_chassis_number_photo-1670291544_jpg.rf.aa44a6a4fb94b2733484caceec440687.jpg,MH1JF5135CK645819,MH1JF5135CK645819,0,True,True,True,True,True,True
VIN-2_chassis_number_photo-1665971251_jpg.rf.fa6c6a65f79a427f277521e268a3c602.jpg,MH31DY002CJ038799,MH31DY002CJ038799,0,True,True,True,True,True,True
VIN-2-5_chassis_number_photo-1669343128_jpg.rf.1a60f445f7a4d3b80bf36168a8c2ce87.jpg,MHYGDN42VBJ359653,MHYGDN42VBJ359653,0,True,True,True,True,True,True
VIN-2_D1257TC-20NO-20RANGKA_jpg.rf.981645a4f792edf89e495120b8d1042e.jpg,MHBG1CG1FD0127957,MHBG1CG1FD0127957,0,True,True,True,True,True,True
VIN-2_chassis_number_photo-1667959180_jpg.rf.bd0b2f0e9ebb33b6d223fdcedd9cef2a.jpg,MH31KP001CK148352,MH31KP001CK148352,0,True,True,True,True,True,True
VIN-2-5_12_jpg.rf.008b909b6b717384733e5ef1f0687a73.jpg,MH1JFK111EK174946,MH1JFK111EK174946,0,True,True,True,True,True,True
VIN-2_D-5638-UBR-nomor-rangka_jpg.rf.0e0b7ed57f3ffc247f6ae1108d5f908c.jpg,MH1JFJ111EK209446,MH1JFJ111EK209446,0,True,True,True,True,True,True
VIN-2-5_chassis_number_photo-1671515276_jpg.rf.eec84037bfefb1e78fa441f72fb8372a.jpg,MH1KF1110GK911961,MH1KF1110GK911961,0,True,True,True,True,True,True
VIN-2-5_chassis_number_photo-1667441417_jpg.rf.fc9874de0e582cebaf9e2fb6a214ba55.jpg,MH32BJ003EJ499873,MH32BJ003EJ499873,0,True,True,True,True,True,True
VIN-2_D-5119-UAJ-nomor-rangka_jpg.rf.911d8b5431deb4f15922f0488225ccf2.jpg,MH4KR150LCKP53797,MH4KR150LCKP53797,0,True,True,True,True,True,True
VIN-2_D5163UCM_20NO_20RANGKA_jpg.rf.ad496a73dadad55a698c857188da5107.jpg,MH1JF9119AK115839,MH1JF9119AK115839,0,True,True,True,True,True,True
VIN-2_D2582SAI_20NO_20RANGKA_jpg.rf.8582370a292265824fa234a54c2b1aad.jpg,MH32BJ0010J131918,MH32BJ0010J131918,0,True,True,True,True,True,True
VIN-2-5_D5636SAY_20NO_20RANGKA_jpg.rf.f7e3b5c4f1239d2152f53a89aeeb63a0.jpg,MH1KF1115GK817686,MH1KF1115GK817686,0,True,True,True,True,True,True
VIN-2_chassis_number_photo-1669000713_jpg.rf.b06a23f545071f190239bef4524564ec.jpg,MH1KC311XCK251300,MH1KC311XCK251300,0,True,True,True,True,True,True
VIN-2-5_D-5255-UCS-No-Rangka-_1_jpg.rf.039398cdc2ab1c399ffc3c6e492747e3.jpg,MH1KF1116GK854018,MH1KF1116GK854018,0,True,True,True,True,True,True
VIN-2-5_chassis_number_photo-1671154103_jpg.rf.4a5f1a56d017cddc7401f5cc273f93d5.jpg,MH1JFZ123HK185100,MH1JFZ123HK185100,0,True,True,True,True,True,True
VIN-2-5_chassis_number_photo-1670377211_jpg.rf.01ae5b5e0df5fef68d3d6a41b6ca0993.jpg,MH34D76027J651189,MH34D76027J651189,0,True,True,True,True,True,True
VIN-2_chassis_number_photo-1671503389_jpg.rf.fde25842917c920a7b026ee5d2873588.jpg,MH3UG0710HK225899,MH3UG0710HK225899,0,True,True,True,True,True,True
VIN-2_D-2218-SAZ-nomer-rangka_jpg.rf.d3d828ecc2cd59931fdf675107c28a64.jpg,MH1KF1111GK612592,MH1KF1111GK612592,0,True,True,True,True,True,True
VIN-2_chassis_number_photo-1670982328_jpg.rf.ffc8f2a9ca9805f82438a737a7c5319d.jpg,MH354P002CK112191,MH354P002CK112191,0,True,True,True,True,True,True
VIN-2_chassis_number_photo-1665362872_jpg.rf.d7ef77fd8de4a10a970f770ee437c195.jpg,MH1KB2116HK045654,MH1KB2116HK045654,0,True,True,True,True,True,True
VIN-2_D-5255-UCS-No-Rangka-_1_jpg.rf.ac1a37687eecb7b89de6f8393778e49c.jpg,MH1KF1116GK854018,MH1KF1116GK854018,0,True,True,True,True,True,True
VIN-2_D-5638-UBR-nomor-rangka_jpg.rf.15cb22383d47786be13ee1b7ab723810.jpg,MH1JFJ111EK209446,MH1JFJ111EK209446,0,True,True,True,True,True,True
VIN-2-5_original_jpg.rf.ccfb6096a6622239a6d93163f4c27865.jpg,MH1JM3115HK292367,MH1JM3115HK292367,0,True,True,True,True,True,True
VIN-2_D-5458-UAW-no-rangka_jpg.rf.9fcf566d7c4f95397c5d43e3d227a832.jpg,MH35TL0014K012148,MH35TL0014K012148,0,True,True,True,True,True,True
VIN-2-5_D-5555-UAD-no-rangka_jpg.rf.d7cebb2c9167692fcb2d570889f00299.jpg,MH1JF5126BK451208,MH1JF5126BK451208,0,True,True,True,True,True,True
VIN-2-5_chassis_number_photo-1670978844_jpg.rf.c2fc14909b9389117eb66714f68cbdb9.jpg,MH38E8890GJ073987,MH38E8890GJ073987,0,True,True,True,True,True,True
VIN-2_D5714SAY-NO-RANGKA_1_jpg.rf.826d4e163368bd8f2e2d5af907fd45d7.jpg,MH1JFX111GK181850,MH1JFX111GK181850,0,True,True,True,True,True,True
VIN-2-5_IMG_20211118_140746_jpg.rf.bf7ae6e7272aafc8623cedfa94607e28.jpg,MH1JFK111EK174946,MH1JFK111EK174946,0,True,True,True,True,True,True
VIN-2-5_chassis_number_photo-1670982328_jpg.rf.6a86822752e2443eddadbe80ea3f28ba.jpg,MH354P002CK112191,MH354P002CK112191,0,True,True,True,True,True,True
VIN-2_D-5226-UAG-no-rangka_jpg.rf.227d52a3c0bdfe66dce332bc58da325b.jpg,MH1JF5121BK495620,MH1JF5121BK495620,0,True,True,True,True,True,True
VIN-2_chassis_number_photo-1671505351_jpg.rf.2bfeee8c6dbbcf9088d4a360c1a4406c.jpg,MH3RG4810HK013125,MH3RG4810HK013125,0,True,True,True,True,True,True
VIN-2_chassis_number_photo-1667443320_jpg.rf.f74a38c3a13c885a0f30527ad4390cbd.jpg,MH1KC3115CK251611,MH1KC3115CK251611,0,True,True,True,True,True,True
VIN-2-5_N3761ABA-NO-RANGKA_jpg.rf.1dfad1664a7fada6133d3f6a841ec782.jpg,MH1KF1116GK856514,MH1KF1116GK856514,0,True,True,True,True,True,True
VIN-2-5_D5363TB_20NO_20RANGKA_jpg.rf.8461ff83c7d975d46c8f439b0bf27db1.jpg,MH1JBC120BK289494,MH1JBC120BK289494,0,True,True,True,True,True,True
VIN-2_D5799SAY_20NO_20RANGKA_jpg.rf.2d21cbdf4c800e0f048dd9e69b51b4e4.jpg,MH1JFU110GK683036,MH1JFU110GK683036,0,True,True,True,True,True,True
VIN-2_chassis_number_photo-1670547854_jpg.rf.749cae52a03902f5f738757c3d5be268.jpg,MH3509205CJ754063,MH3509205CJ754063,0,True,True,True,True,True,True
VIN-2-5_chassis_number_photo-1668128676_jpg.rf.28db45ca08aae25d4db0f390ef028849.jpg,MHYKZE81SHJ324709,MHYKZE81SHJ324709,0,True,True,True,True,True,True
VIN-2_D5365SAW-NO-RANGKA_jpg.rf.3276e64dc71524b0f549051263b85387.jpg,MH1JFP122GK405832,MH1JFP122GK405832,0,True,True,True,True,True,True
VIN-2_D-5119-UAJ-nomor-rangka_jpg.rf.db01ff3e0ca4c31b6e02f4aef93d2d27.jpg,MH4KR150LCKP53797,MH4KR150LCKP53797,0,True,True,True,True,True,True
VIN-2-5_D5363TB_20NO_20RANGKA_jpg.rf.95b8c1899905c2364eff2427b0a9bdab.jpg,MH1JBC120BK289494,MH1JBC120BK289494,0,True,True,True,True,True,True
VIN-2_chassis_number_photo-1671505351_jpg.rf.71713db9442fd56c2574e237d4bfc0f2.jpg,MH3RG4810HK013125,MH3RG4810HK013125,0,True,True,True,True,True,True
VIN-2_chassis_number_photo-1665969152_jpg.rf.8733155a0fa156fc5d95a2de686f2feb.jpg,MH8CE47AAHJ141488,MH8CE47AAHJ141488,0,True,True,True,True,True,True
VIN-2-5_D1151SW-20NOKA_jpg.rf.dd432ac2606e43ac712fa2c0eaa70731.jpg,MHKV1AA2JBK105570,MHKV1AA2JBK105570,0,True,True,True,True,True,True
VIN-2_D-5227-HU-no-rangka_jpg.rf.efce4b45996d7bf2a35b67d41badc359.jpg,MH4KR150LAKP34622,MH4KR150LAKP34622,0,True,True,True,True,True,True
VIN-2-5_chassis_number_photo-1668737400_jpg.rf.4c52f438f2171ab91c0c52e4daa7fdeb.jpg,MH1JFZ216HK180611,MH1JFZ216HK180611,0,True,True,True,True,True,True
VIN-2-5_D6455SBE-NO-RANGKA_jpg.rf.9151356c9b75dc5eef31ca2d3da95055.jpg,MH1JFZ121JK401466,MH1JFZ121JK401466,0,True,True,True,True,True,True
VIN-2_D5505UCS_20NO_20RANGKA_jpg.rf.d7ce3105f33ca8238fb64f240c4a57ce.jpg,MH1JFY11XGK062474,MH1JFY11XGK062474,0,True,True,True,True,True,True
VIN-2_D4408UC_20NO_20RANGKA_jpg.rf.7d50c1d36aff049898da2015a934d1f1.jpg,MF32S60059K640796,MF32S60059K640796,0,True,True,True,True,True,True
VIN-2-5_D4283SAY-NO-RANGKA_jpg.rf.d2919a95213ba5b6d0aa9042db43e0f7.jpg,MH1JFZ113GK208946,MH1JFZ113GK208946,0,True,True,True,True,True,True
VIN-2-5_IMG_20211118_140649_jpg.rf.17c076215817f8a23b06efb4b18f0061.jpg,MH1JFK111EK174946,MH1JFK111EK174946,0,True,True,True,True,True,True
VIN-2_chassis_number_photo-1669084075_jpg.rf.116cbf2d91e9f53a896c88579b5db020.jpg,MH3SE8850HJG24442,MH3SE8850HJG24442,0,True,True,True,True,True,True
VIN-2-5_chassis_number_photo-1666317157_jpg.rf.dba2fbcfdf4a2e5221aef2ee89e1d100.jpg,MH1JM1117JK909553,MH1JM1117JK909553,0,True,True,True,True,True,True
VIN-2_D-6635-SAY-nomor-rangka_jpg.rf.bb57ccd4c7107a8748ad9a1ec97f1e3f.jpg,MH1JFU110GK684915,MH1JFU110GK684915,0,True,True,True,True,True,True
VIN-2-5_D-3997-UAG-nomor-rangka_jpg.rf.42f4260e83049842f6a99e8c301f2749.jpg,MH344D002BK261570,MH344D002BK261570,0,True,True,True,True,True,True
VIN-2_F1704DV-20NO-20RANGKA_jpg.rf.9e2ff7ede043cc024d9891f65bb6b0fd.jpg,MA3GXB72SD0465235,MA3GXB72SD0465235,0,True,True,True,True,True,True
VIN-2_D5401SAY_20NO_20RANGKA_jpg.rf.0baa1ea82573da824fd6047a37c9570c.jpg,MH1JFS114GK363660,MH1JFS114GK363660,0,True,True,True,True,True,True
VIN-2-5_chassis_number_photo-1665973056_jpg.rf.d1d3293c0fec4bec634562287259e7e2.jpg,MH3UE1120HJ144798,MH3UE1120HJ144798,0,True,True,True,True,True,True
VIN-2_D-5638-UBR-nomor-rangka_jpg.rf.f89e61b1f1d05996642d0f7ba30ec09e.jpg,MH1JFJ111EK209446,MH1JFJ111EK209446,0,True,True,True,True,True,True
VIN-2-5_chassis_number_photo-1670550736_jpg.rf.43a0e473f386ee0903be4e76791ac62a.jpg,MH3SG4640HJ022649,MH3SG4640HJ022649,0,True,True,True,True,True,True
VIN-2_chassis_number_photo-1667960825_jpg.rf.4f1a5f28b7c2b67278d7e37c1a14c622.jpg,MH3SE8810FJ534649,MH3SE8810FJ534649,0,True,True,True,True,True,True
VIN-2_WIN_20211030_08_36_48_Pro_jpg.rf.ca0c2afc7556a1174e67fdbf9606350d.jpg,MHKE8FA3JMK059406,MHKE8FA3JMK059406,0,True,True,True,True,True,True
VIN-2_D5163UCS_20NO_20RANGKA_jpg.rf.c73bb716fa47b25bc2149beeb2cf0ca9.jpg,MH1JFU118GK654321,MH1JFU118GK654321,0,True,True,True,True,True,True
VIN-2-5_D-6641-UAG-No-Rangka-_jpg.rf.e18fdf9b46e7ad393e4d968669d26e10.jpg,MH1JBH115BK113948,MH1JBH115BK113948,0,True,True,True,True,True,True
VIN-2_WIN_20211030_08_37_08_Pro_jpg.rf.9c2a3a240d71c376c4b751ca41b1182b.jpg,MHKE8FA3JMK059406,MHKE8FA3JMK059406,0,True,True,True,True,True,True
VIN-2_chassis_number_photo-1666059608_jpg.rf.64cbce988db736e72d760ba5263b93d9.jpg,MH31KP001CK024084,MH31KP001CK024084,0,True,True,True,True,True,True
VIN-2-5_D5163UCS_20NO_20RANGKA_jpg.rf.10c9fb8cba0081db09716dc31548b710.jpg,MH1JFU118GK654321,MH1JFU118GK654321,0,True,True,True,True,True,True
VIN-2_WIN_20211030_08_37_04_Pro_jpg.rf.6d4e62a9616931ab43b67ebcb1f39315.jpg,MHKE8FA3JMK059406,MHKE8FA3JMK059406,0,True,True,True,True,True,True
VIN-2_chassis_number_photo-1668132729_jpg.rf.a1572a38c133b440ff86d4202b0e6b19.jpg,MH3SE8890HJ220580,MH3SE8890HJ220580,0,True,True,True,True,True,True
VIN-2-5_D-4345-UCP-no-rangka_jpg.rf.efc02e97a516021d9f7ee72b264a7427.jpg,MH1JFP129GK688827,MH1JFP129GK688827,0,True,True,True,True,True,True
VIN-2_D5113SBK-NO-RANGKA_jpg.rf.e0781278c0e92b74e6df1dddd7e284d9.jpg,MH1JM1125KK335316,MH1JM1125KK335316,0,True,True,True,True,True,True
VIN-2-5_D-6675-UCS-no-rangka_jpg.rf.b96ca7a91f553706b31bf1dd9d962ebd.jpg,MH1JM1112GK079699,MH1JM1112GK079699,0,True,True,True,True,True,True
VIN-2_chassis_number_photo-1671503389_jpg.rf.9a4e60781baa4b97b2d833d5548e0594.jpg,MH3UG0710HK225899,MH3UG0710HK225899,0,True,True,True,True,True,True
VIN-2-5_chassis_number_photo-1665362872_jpg.rf.d5db31e00e973b24901a9813cabaed8a.jpg,MH1KB2116HK045654,MH1KB2116HK045654,0,True,True,True,True,True,True
VIN-2_chassis_number_photo-1667866923_jpg.rf.f643053e0bb83e0c1c3815efe6ea1672.jpg,MHKA6GK6JHJ025104,MHKA6GK6JHJ025104,0,True,True,True,True,True,True
VIN-2_D4283SAY-NO-RANGKA_jpg.rf.24033026f81dcbad2f9703142d5d04e7.jpg,MH1JFZ113GK208946,MH1JFZ113GK208946,0,True,True,True,True,True,True
VIN-2-5_D-5688-UAG-no-rangka_jpg.rf.4d42812485ff5fe4f6b8d33338c310ec.jpg,MH1JBE118BK256245,MH1JBE118BK256245,0,True,True,True,True,True,True
VIN-2_chassis_number_photo-1667443320_jpg.rf.5ee37a562b403b0a69436b9d99e210e8.jpg,MH1KC3115CK251611,MH1KC3115CK251611,0,True,True,True,True,True,True
VIN-2-5_20211118_2036010_png_jpg.rf.f2bc4753304646b3178f4e22fb899622.jpg,MH1JFK111EK174946,MH1JFK111EK174946,0,True,True,True,True,True,True
VIN-2-5_D5143SAY_20NO_20RANGKA_jpg.rf.139e0c81f58e43b191abf3e9758b657a.jpg,MH1JFZ113GK224662,MH1JFZ113GK224662,0,True,True,True,True,True,True
VIN-2_chassis_number_photo-1669171688_jpg.rf.29d897d14163672eb6adf5a3a587d40b.jpg,MH1JM3111HK351088,MH1JM3111HK351088,0,True,True,True,True,True,True
VIN-2-5_chassis_number_photo-1668404158_jpg.rf.a0e9b5fd8a79adfdff90f5c7af16daee.jpg,MH3SE8850HJ021970,MH3SE8850HJ021970,0,True,True,True,True,True,True
VIN-2_chassis_number_photo-1671428753_jpg.rf.a8134d632b49a768740767b2d163872b.jpg,MH1JBK310FK109970,MH1JBK310FK109970,0,True,True,True,True,True,True
VIN-2_D-5465-XT-no-rangka_jpg.rf.7ab4fea059efee5feb5171e7332b89b5.jpg,MH1JBC12XAK163514,MH1JBC12XAK163514,0,True,True,True,True,True,True
VIN-2_chassis_number_photo-1665973672_jpg.rf.705a5af18f3acbd2fd73758af351bcf2.jpg,MH1JFP129GK386423,MH1JFP129GK386423,0,True,True,True,True,True,True
VIN-2_chassis_number_photo-1671505136_jpg.rf.61dad1efd2ac0f226bad795b0b771dab.jpg,MH3SE88G0JJ179682,MH3SE88G0JJ179682,0,True,True,True,True,True,True
VIN-2-5_20211118_2037018_png_jpg.rf.ee5e0736d18d6832f36cf685a7c14aff.jpg,MH1JFK111EK174946,MH1JFK111EK174946,0,True,True,True,True,True,True
VIN-2-5_D-6017-MC-nomor-rangka_jpg.rf.15ad2372bb73f5773fc899ade985ae85.jpg,MH1JFK119EK167372,MH1JFK119EK167372,0,True,True,True,True,True,True
VIN-2-5_MH355S001BK064322_1_jpg.rf.e4f02a90fcaf98ab8beabbe3c80c7f66.jpg,MH355S001BK064322,MH355S001BK064322,0,True,True,True,True,True,True
VIN-2_chassis_number_photo-1669343128_jpg.rf.050c777d41045c4474d44960d04d0cec.jpg,MHYGDN42VBJ359653,MHYGDN42VBJ359653,0,True,True,True,True,True,True
VIN-2-5_D6757SA-NO-RANGKA_jpg.rf.a2759640a62afa28efdd8c2845484d2d.jpg,MH1JF21108K079539,MH1JF21108K079539,0,True,True,True,True,True,True
VIN-2_chassis_number_photo-1667437143_jpg.rf.d4ff252048d007e718f3d8ef6a95a65e.jpg,MH1JF5130CK645145,MH1JF5130CK645145,0,True,True,True,True,True,True
VIN-2_D8468TN_20NO_20RANGKA_jpg.rf.dbb67703d14a43b4675b90f24657a6e9.jpg,MHKP3BA1JGK121325,MHKP3BA1JGK121325,0,True,True,True,True,True,True
VIN-2-5_D-4990-UAG-No-Rangka-_jpg.rf.f2cc62b5b0b9bede79e65eaf179ac2ed.jpg,MH1JF5123BK470444,MH1JF5123BK470444,0,True,True,True,True,True,True
VIN-2_D-5638-UBR-nomor-rangka_jpg.rf.bbdddcf047c30e4a1f6f00e794ed42ca.jpg,MH1JFJ111EK209446,MH1JFJ111EK209446,0,True,True,True,True,True,True
VIN-2_chassis_number_photo-1670550736_jpg.rf.5f03c0f3d392fa584f6a9dabe828989a.jpg,MH3SG4640HJ022649,MH3SG4640HJ022649,0,True,True,True,True,True,True
VIN-2_chassis_number_photo-1668129545_jpg.rf.215a212804de461ef09f10b0b216e105.jpg,MH3SE8850HJ013653,MH3SE8850HJ013653,0,True,True,True,True,True,True
VIN-2_chassis_number_photo-1665969152_jpg.rf.777cc59083b8ebac50091fa5831fe907.jpg,MH8CE47AAHJ141488,MH8CE47AAHJ141488,0,True,True,True,True,True,True
VIN-2-5_No_20Rangka_20MHE813475_jpeg_jpg.rf.ecda89bf9696ab2622998d6c56a743ae.jpg,MHKE8FA3JMK059406,MHKE8FA3JMK059406,0,True,True,True,True,True,True
VIN-2_D5263UCS_20NO_20RANGKA_jpg.rf.ecb3cab279c54e6b103c889a68c9296c.jpg,MH3SG3120GK204706,MH3SG3120GK204706,0,True,True,True,True,True,True
VIN-2_chassis_number_photo-1666664801_jpg.rf.f6da57c73267542db7938cd28682fb9a.jpg,MH1JFS110HK398181,MH1JFS110HK398181,0,True,True,True,True,True,True
VIN-2_D-6951-UCS-No-Rangka-_jpg.rf.4f62211ae48860c2f5b1693f426add83.jpg,MH1JM2119GK089927,MH1JM2119GK089927,0,True,True,True,True,True,True
VIN-2_D-2950-XV-No-Rangka-_jpg.rf.230979194526b6ab8aa10bd7cec6950c.jpg,MH328D00A9J538124,MH328D00A9J538124,0,True,True,True,True,True,True
VIN-2_D1660SAC_20NO_20RANGKA_jpg.rf.4695aef1cdf23ddc3cd8a55ff4065104.jpg,MHKA6GK6JGJ003732,MHKA6GK6JGJ003732,0,True,True,True,True,True,True
VIN-2_D1357OM-20NO-20RANGKA_jpg.rf.718d31097dcd31647c0662d58006dffb.jpg,MHF54EP8109012822,MHF54EP8109012822,0,True,True,True,True,True,True
VIN-2-5_chassis_number_photo-1668567740_jpg.rf.6ba981342fc2457468d856b1676fd05f.jpg,MH1JBK116MK777188,MH1JBK116MK777188,0,True,True,True,True,True,True
VIN-2_chassis_number_photo-1668480589_jpg.rf.27b2771e2811f356e52029020d43ae9f.jpg,MH31KP001CK038987,MH31KP001CK038987,0,True,True,True,True,True,True
VIN-2_chassis_number_photo-1671428753_jpg.rf.ea8ebb098e0d9697d6985e57c4908dbc.jpg,MH1JBK310FK109970,MH1JBK310FK109970,0,True,True,True,True,True,True
VIN-2_D5505UCS_20NO_20RANGKA_jpg.rf.19960eac1e509476066c6bf371efbb0c.jpg,MH1JFY11XGK062474,MH1JFY11XGK062474,0,True,True,True,True,True,True
VIN-2-5_D3638SAZ_20NO_20RANGKA_jpg.rf.e7a39d5f96ab67f13b9f124044c736ec.jpg,MH1KF1113GK905314,MH1KF1113GK905314,0,True,True,True,True,True,True
VIN-2_D6757TP-NO-RANGKA_jpg.rf.c77f4271aac51e92eaa9bed9797814b6.jpg,MH1JF5115AK068253,MH1JF5115AK068253,0,True,True,True,True,True,True
VIN-2_D4801ABD-NO-RANGKA_jpg.rf.2a06546aebac5c86a98bdcec2e278749.jpg,MH3RG4610HK045013,MH3RG4610HK045013,0,True,True,True,True,True,True
VIN-2-5_1_jpg.rf.1cab46f49cccd86646a7e8ad9c044170.jpg,MH3SEG720PJ072762,MH3SEG720PJ072762,0,True,True,True,True,True,True
VIN-2_WIN_20211030_08_37_08_Pro_jpg.rf.f46a69440ed6b7841803f8aba94d8f7a.jpg,MHKE8FA3JMK059406,MHKE8FA3JMK059406,0,True,True,True,True,True,True
VIN-2-5_D2582SAI_20NO_20RANGKA_jpg.rf.5f2d2f9f01c360dd0ff7f2be5471077b.jpg,MH32BJ0010J131918,MH32BJ0010J131918,0,True,True,True,True,True,True
VIN-2-5_D-4512-UAG-no-rangka_jpg.rf.e2d6f302f4f73b91cddb355794dc2447.jpg,MH328D40DBJ422776,MH328D40DBJ422776,0,True,True,True,True,True,True
VIN-2-5_chassis_number_photo-1671169825_jpg.rf.620af98e641b1ee69576ba76ad8e0b6b.jpg,MH3280400BJ432739,MH328D400BJ432739,1,False,True,True,True,True,True
VIN-2-5_chassis_number_photo-1663560000_jpg.rf.4222d7c40ee73a1ba7e38148c00e91b3.jpg,MHRRU173JJJ801124,MRRRU1130JJ90112W,5,False,False,False,False,False,True
VIN-2-5_D-6429-UAL-no-rangka_jpg.rf.75da5c3700f72b41b6cc9d7ab4a83451.jpg,MH1KEV8151K057072,MH1KLV8151K057072,1,False,True,True,True,True,True
VIN-2_chassis_number_photo-1671169825_jpg.rf.11f5032eb927950448a8e050341fc126.jpg,MH3280400BJ432739,MH328D400BJ432739,1,False,True,True,True,True,True
VIN-2_chassis_number_photo-1668995136_jpg.rf.5aa57000ea87a083a12fa37c429936a4.jpg,MH1JBB2135K032362,,17,False,False,False,False,False,False
VIN-2-5_chassis_number_photo-1663636982_jpg.rf.e70d9728f49f37139e439ce52394a94c.jpg,MH1JM0218NK767907,MH1JM00218K767107,5,False,False,False,False,False,True
VIN-2_D1257TC-20NO-20RANGKA_jpg.rf.3342aa61923ba1c1f3c98b0afeba9604.jpg,MHBG1CG1FD0127957,MHB01CG1FD0127957,1,False,True,True,True,True,True
VIN-2_D-3205-UCZ-No-Rangka-_jpg.rf.ea987d69fe4d80e80da8bc5dd355deb0.jpg,MH314D0039K561152,MH3Z0039K661152??,14,False,False,False,False,False,False
VIN-2-5_D_201534_20UAE_20-No-Rangka-_jpg.rf.44468be103ba8159327957df6f28f9a7.jpg,MHKW3CA3JGK016928,MHK3CA3JK16928???,14,False,False,False,False,False,False
VIN-2-5_chassis_number_photo-1665018049_jpg.rf.97d248c5312d440267bcf2aa0d1c3b3a.jpg,MH1JF5135CK638670,MH1JF5136CK638670,1,False,True,True,True,True,True
VIN-2_chassis_number_photo-1665976089_jpg.rf.4ccf08a3964c73b6b8ab92ae73963a33.jpg,MH31LB0010K087966,MH31LB0018K087966,1,False,True,True,True,True,True
VIN-2_D-5465-XT-no-rangka_jpg.rf.6ceda67becb920f0767dd8cbfa7bbf57.jpg,MH1JBC12XAK163514,MH1JBC12XAK160514,1,False,True,True,True,True,True
VIN-2_chassis_number_photo-1667450823_jpg.rf.95fea8b88408c30a968c29e7e0f56d71.jpg,MH3UE1120HJ156678,MH3UE143015566788,8,False,False,False,False,False,False
VIN-2-5_chassis_number_photo-1663550960_jpg.rf.5d9cc04d37e7224ffe61b71927a4534d.jpg,MH1JF2136KK039063,MH1JJF2136KK03906,12,False,False,False,False,False,False
VIN-2_D5362SGK_20NO_20RANGKA_jpg.rf.2e9e93af14fbee06285961cb816d4469.jpg,MH328D20CAJ897269,MH38D20CCAJ897269,5,False,False,False,False,False,True
VIN-2-5_20211118_2036017_png_jpg.rf.76843eb18f64c76336bcf114f2014799.jpg,MH1JFF111EK174946,1H1JHK1110K1749WK,6,False,False,False,False,False,False
VIN-2_chassis_number_photo-1667790921_jpg.rf.cdc2c0ab09ef69678fc8ed5fc9bf1585.jpg,MH38E9010HJ345467,M8E9010HJJ345467?,15,False,False,False,False,False,False
VIN-2_chassis_number_photo-1668578003_jpg.rf.8196f516b0ef1db97bdd7128b51b036c.jpg,MH1JF6113CK413711,MH1JF6113CK413111,1,False,True,True,True,True,True
VIN-2-5_D-2468-UCV-nomor-rangka_jpg.rf.5e15d4acac17e5646113a099127b0f30.jpg,MH3SE8890GJ128682,PHH3SE880G8186322,11,False,False,False,False,False,False
VIN-2_D-6891-UBE-nomor-rangka_jpg.rf.0da10ed8c5fd710ba21cf2f160af05a1.jpg,MH8BG41FADJ111145,MH8BG41EADJ111145,1,False,True,True,True,True,True
VIN-2-5_chassis_number_photo-1664932818_jpg.rf.956dd6a33f1956fa0012d4ab8f9df6b4.jpg,MH3SE8840HJ214871,HH38E840HH02N007?,10,False,False,False,False,False,False
VIN-2-5_chassis_number_photo-1667962349_jpg.rf.dfc0822ccc0ee493e43ad31db0fab262.jpg,MH1JFB772CK382315,H1JFB772CK382315?,16,False,False,False,False,False,False
VIN-2-5_D-201289-20XW-20-No-Rangka-_jpg.rf.1f62480b59d5ad9a7470cf9b22d23243.jpg,MHYESE4201J102617,MHYESE4201J101W11,3,False,False,False,True,True,True
VIN-2_chassis_number_photo-1667523124_jpg.rf.6ca9b71102391d446efadc78659ef589.jpg,MH1KF4119KK719870,MD1F4119KK7198870,10,False,False,False,False,False,False
VIN-2-5_D_208780_20HM_20-No_20rangka-_jpg.rf.0eb98b372108044804a35921096b1280.jpg,MHKB3BATJDK017781,MHKB3BA1JDK017781,1,False,True,True,True,True,True
VIN-2-5_chassis_number_photo-1671502734_jpg.rf.3734dfc006e4d21050b121b83949c587.jpg,MH350G002GK333169,MH350C002CK333169,2,False,False,True,True,True,True
VIN-2_D-5465-XT-no-rangka_jpg.rf.0907c5901e3e741e8fa7bfd6104aa8fa.jpg,MH1JBC12XAK163514,MH1JBC12XAK160514,1,False,True,True,True,True,True
VIN-2_chassis_number_photo-1668734885_jpg.rf.6abd93006499600dbea8766705a59826.jpg,MHRRE1740AJ001876,MHRRE1740AJ001816,1,False,True,True,True,True,True
VIN-2-5_chassis_number_photo-1667958819_jpg.rf.af13e5d89ab25b4ba403d1f8c018a570.jpg,MH31DY0020J028257,MH31DY00200J0282?,7,False,False,False,False,False,False
VIN-2_chassis_number_photo-1667963690_jpg.rf.0a1c41485adf1a8ad4551781754662bd.jpg,MH1JFU117GK371624,MH1JFU117GK371621,1,False,True,True,True,True,True
VIN-2-5_D1211ABJ-20NO-20RANGKA_jpg.rf.d8fc38a411970e6c54697b1b657302cf.jpg,MHFE2CJ2JDK041401,9HFF2CJ24DK04701?,7,False,False,False,False,False,False
VIN-2_D1517AEQ_20NO_20RANGKA_jpg.rf.e295c6fb7cc23c6cdd37a8d2814d97e8.jpg,MHKA6GJ3JGJ002202,MHK11GJ3JGJ002202,2,False,False,True,True,True,True
VIN-2_chassis_number_photo-1668128676_jpg.rf.1b6961d0607cb63f20cb356fdee30629.jpg,MHYKZE81SHJ324709,MHYKZZE81SHJ32470,12,False,False,False,False,False,False
VIN-2_chassis_number_photo-1668576686_jpg.rf.549956fee9f9212d4ac251e52dad002e.jpg,MH1JFT118GK080166,MH1JF1178GK080166,2,False,False,True,True,True,True
VIN-2_chassis_number_photo-1666318203_jpg.rf.8264e697c0084b266e6bdd2b418d6caa.jpg,MH31DY002CJ029404,MH31DY002CCJ09404,3,False,False,False,True,True,True
VIN-2_chassis_number_photo-1666059232_jpg.rf.60b3b6dd56c0e3fb2c0f84e1604987b9.jpg,MH1JM1117HK378025,MHJJ11177HK378025,3,False,False,False,True,True,True
VIN-2_D5362SGK_20NO_20RANGKA_jpg.rf.07a10f153ab2f0fdc749b5d8fbff6e62.jpg,MH328D20CAJ897269,MH38D20CCAJ897269,5,False,False,False,False,False,True
VIN-2-5_D-6190-UCS-NO-RANGKA_1_jpg.rf.210e0a49b1e98ea2182a407107065802.jpg,MH1JFV113GK459054,MH1JV1133GK450054,4,False,False,False,False,True,True
VIN-2_chassis_number_photo-1668040933_jpg.rf.6ef0f0812b8fec747e457b84ad6a6837.jpg,MHFAB1BYXN0032070,MHFAB1BYXN00320??,2,False,False,True,True,True,True
VIN-2_D1877SV_20NO_20RANGKA_jpg.rf.37f8d282cc01b1165c23eab5dd74b09b.jpg,MHFM1CA4JBK056926,MHFM1CCA4JBK05692,11,False,False,False,False,False,False
VIN-2-5_D6964UCS_20NO_20RANGKA_jpg.rf.65552dd9ae7b4c2c4df4a962009d3315.jpg,MH1JFW115GK716172,MH1JF115GGK716172,3,False,False,False,True,True,True
VIN-2_chassis_number_photo-1667872063_jpg.rf.e31ea27f86a4d84c5f845b0cc638f128.jpg,MHFXW42G542000489,MHFXW42G542000483,1,False,True,True,True,True,True
VIN-2_D-5848-XA-No-Rangka-_jpg.rf.11bc3e4c8399746db46a8a2c1d9a2034.jpg,MH357J0056K40B132,MH35TL0056K408132,3,False,False,False,True,True,True
VIN-2-5_JDAG102S000878495_jpg.rf.23ffb30b97d5e7d448c6764412fdcf9d.jpg,JDAG102S000878495,KJDAG102000878495,8,False,False,False,False,False,False
VIN-2_chassis_number_photo-1668557601_jpg.rf.ceab0d90cff736c3969101609d063b57.jpg,MH1JBE2108K004505,MH1JBEE2108K04505,6,False,False,False,False,False,False
VIN-2_chassis_number_photo-1668995136_jpg.rf.a939ee5c06ad1769fcb0470232118ab0.jpg,MH1JBB2135K032362,,17,False,False,False,False,False,False
